mp|refs|endpoint|http|seconds|bytes
0.5|1|/api/edit|200 15.762481|837011
0.5|2|/api/blend|200 25.154709|812451
0.5|3|/api/triple_blend|200 34.355849|826291
0.5|4|/api/quad_blend|200 43.187702|809000
0.5|5|/api/penta_blend|200 52.597038|847527
0.5|6|/api/hexa_blend|200 64.331328|858481
0.5|7|/api/hepta_blend|200 73.248325|896122
0.5|8|/api/octa_blend|200 84.462840|861295
0.5|9|/api/nona_blend|200 99.291839|862182
0.5|10|/api/deca_blend|200 112.007551|868759
1.0|1|/api/edit|200 27.956330|1645678
1.0|2|/api/blend|200 38.892998|1673877
1.0|3|/api/triple_blend|200 49.430442|1690623
1.0|4|/api/quad_blend|200 60.129907|1294922
1.0|5|/api/penta_blend|200 70.790285|1730504
1.0|6|/api/hexa_blend|200 82.401587|1791913
1.0|7|/api/hepta_blend|200 95.177327|1775611
1.0|8|/api/octa_blend|200 108.883805|1786580
1.0|9|/api/nona_blend|200 123.181732|1754624
1.0|10|/api/deca_blend|200 136.697011|1754549
1.5|1|/api/edit|200 46.389468|2485907
1.5|2|/api/blend|200 59.944186|2250604
1.5|3|/api/triple_blend|200 72.004787|2263925
1.5|4|/api/quad_blend|200 84.400373|1953321
1.5|5|/api/penta_blend|200 95.553083|2407582
1.5|6|/api/hexa_blend|200 110.896756|2537382
1.5|7|/api/hepta_blend|200 123.710041|2604480
1.5|8|/api/octa_blend|200 137.635749|2501146
1.5|9|/api/nona_blend|200 151.580732|2215031
1.5|10|/api/deca_blend|200 167.585065|2312784
2.0|1|/api/edit|200 62.231351|3170773
2.0|2|/api/blend|200 77.101974|3140072
2.0|3|/api/triple_blend|200 90.392056|3150949
2.0|4|/api/quad_blend|200 105.019554|3059093
2.0|5|/api/penta_blend|200 117.624205|3272850
2.0|6|/api/hexa_blend|200 130.614603|3387368
2.0|7|/api/hepta_blend|200 148.777546|3322069
2.0|8|/api/octa_blend|200 165.000397|3334501
2.0|9|/api/nona_blend|200 182.297662|3325245
2.0|10|/api/deca_blend|200 199.545691|3346169
